ARB ID,Facility Name,"Report
Year","Total CO2e 
(combustion, process, vented, and supplier)",AEL," Emitter Covered
Emissions "," Fuel Supplier Covered
Emissions ", Electricity Importer Covered Emissions , Total Covered Emissions , Total Non-Covered Emissions  
3006,3 Phases Renewables,2018,"370,025",No,0,0,"7,266","7,266","362,759"
104356,3M Corona,2018,"15,247",No,0,0,0,0,"15,247"
104796,AAK Richmond,2018,"12,789",No,0,0,0,0,"12,789"
104213,ABI Foundry,2018,"18,487",No,0,0,0,0,"18,487"
104347,"Aemetis Advanced Fuels Keyes, Inc.",2018,"78,140",No,"78,140",0,0,"78,140",0
104018,Aera Energy Coastal Basins,2018,"427,737",No,"424,706",0,0,"424,706","3,030"
104016,Aera Energy San Joaquin Basin,2018,"3,241,464",No,"3,214,236",0,0,"3,214,236","27,228"
104017,Aera Energy Ventura Basin,2018,"26,000",No,"23,162",0,0,"23,162","2,838"
101321,"AES Alamitos, LLC",2018,"686,628",No,"686,628",0,0,"686,628",0
100194,"AES Huntington Beach, LLC",2018,"201,649",No,"201,649",0,0,"201,649",0
100257,AES Redondo Beach LLC,2018,"194,685",No,"194,685",0,0,"194,685",0
104659,Agera Energy LLC,2018,0,No,0,0,0,0,0
101701,Air Liquide El Segundo Hydrogen Plant,2018,"574,150",No,"574,150",0,0,"574,150",0
101749,Air Liquide Large Industries US L.P. - Rodeo Hydrogen Plant,2018,"863,633",No,"863,633",0,0,"863,633",0
101017,"Air Products & Chemicals, Inc., Martinez",2018,"260,248",No,"260,248",0,0,"260,248",0
101248,Air Products Carson Hydrogen Plant,2018,"729,776",No,"729,776",0,0,"729,776",0
101512,"Air Products Manufacturing Corporation, Sacramento",2018,"49,679",No,"49,679",0,0,"49,679",0
100127,Air Products Wilmington Hydrogen Plant,2018,"809,984",No,"809,984",0,0,"809,984",0
3022,Alameda Municipal Power,2018,0,No,0,0,0,0,0
101433,"Algonquin Power Sanger, LLC",2018,"66,723",No,"66,723",0,0,"66,723",0
104345,All American Asphalt - Corona,2018,"12,925",No,0,0,0,0,"12,925"
104666,All American Asphalt - Irvine,2018,"9,472",No,0,0,0,0,"9,472"
104406,Allergan,2018,"7,864",No,0,0,0,0,"7,864"
100884,Alon Bakersfield Refinery - Area 3,2018,0,No,0,0,0,0,0
101237,Alon Bakersfield Refinery - Areas 1&2,2018,"18,850",No,"18,850",0,0,"18,850",0
104499,Alon Bakersfield Refinery - Areas 1&2 - Fuel Supplier,2018,0,No,0,0,0,0,0
101371,AltaGas Pomona Energy Inc (San Gabriel Energy Facility),2018,0,No,0,0,0,0,0
100283,AltaGas Ripon Energy Inc.,2018,"5,299",No,0,0,0,0,"5,299"
101056,AltAir Paramount LLC,2018,"29,216",No,0,0,0,0,"29,216"
104759,AltAir Paramount LLC - Fuel Supplier,2018,"24,311",No,0,0,0,0,"24,311"
104027,Ameresco Chiquita Energy LLC,2018,"35,678",No,0,0,0,0,"35,678"
104637,Ameresco Forward LLC,2018,"16,178",No,0,0,0,0,"16,178"
101657,Ameresco Half Moon Bay,2018,"45,958",No,0,0,0,0,"45,958"
101748,Ameresco Keller Canyon,2018,"16,024",No,0,0,0,0,"16,024"
104636,Ameresco San Joaquin LLC ,2018,"17,289",No,0,0,0,0,"17,289"
101656,Ameresco Santa Cruz,2018,"11,873",No,0,0,0,0,"11,873"
104634,Ameresco Vasco Road,2018,"17,702",No,0,0,0,0,"17,702"
104727,"American PowerNet Management, LP",2018,0,No,0,0,0,0,0
104544,"AmeriGas Propane, L.P.",2018,"107,174",No,0,"107,174",0,"107,174",0
101179,Amgen Inc.,2018,"20,017",No,0,0,0,0,"20,017"
101666,"Ampersand Chowchilla Biomass, LLC, 93610",2018,"91,294",No,0,0,0,0,"91,294"
104487,Ampine: A Division of Timber Products,2018,"9,994",No,0,0,0,0,"9,994"
100943,Anheuser-Busch LLC - Fairfield,2018,"16,364",No,0,0,0,0,"16,364"
101473,Anheuser-Busch LLC - Los Angeles Brewery,2018,"39,859",No,"34,791",0,0,"34,791","5,068"
104578,Anza Electric Cooperative,2018,0,No,0,0,0,0,0
104722,AOT Energy Americas LLC,2018,"14,509",No,0,0,0,0,"14,509"
104003,"Apex Oil Company, Inc.",2018,"379,518",No,0,"358,095",0,"358,095","21,424"
104833,Apple Inc - Bloom Energy Servers,2018,"11,108",,0,0,0,0,"11,108"
104725,Apple Valley Choice Energy,2018,0,No,0,0,0,0,0
100234,Applied Energy LLC - NAS North Island,2018,"17,792",No,"17,792",0,0,"17,792",0
100229,Applied Energy LLC - NTC/MCRD,2018,"11,468",No,"11,468",0,0,"11,468",0
101390,Applied Energy LLC - U.S. Naval Station,2018,"23,337",No,"23,337",0,0,"23,337",0
104761,Applied Natural Gas Fuels,2018,"124,612",No,0,"31,857",0,"31,857","92,755"
104042,Archer Daniels Midland,2018,"76,452",No,0,0,0,0,"76,452"
101715,Arcosa LWFP LLC,2018,"25,686",No,"25,172",0,0,"25,172",514
104673,Arcturus Manufacturing,2018,0,No,0,0,0,0,0
101342,Ardagh Glass Inc.,2018,"83,805",No,"83,805",0,0,"83,805",0
2098,Arizona Electric Power Cooperative,2018,"9,875",No,0,0,"9,875","9,875",0
104131,Arizona Public Service Company,2018,"58,706",No,0,0,"58,706","58,706",0
2292,Avangrid Renewables,2018,"187,495",No,0,0,"147,994","147,994","39,501"
101696,Avenal State Prison,2018,"16,646",No,0,0,0,0,"16,646"
104677,Avista Utilities,2018,"1,801",No,0,0,433,433,"1,368"
104379,"Azteca Milling, L.P.",2018,"13,064",No,0,0,0,0,"13,064"
3024,Azusa Light and Water,2018,"41,795",No,0,0,"41,795","41,795",0
100897,Badger Creek Limited,2018,"3,914",No,"3,914",0,0,"3,914",0
104334,"Baker Commodities, Inc., Kerman Division",2018,"21,864",No,0,0,0,0,"21,864"
104621,"Baker Commodities, Inc., Vernon Division",2018,"15,537",No,0,0,0,0,"15,537"
104542,Baxalta US Inc.,2018,"8,047",No,0,0,0,0,"8,047"
104165,Bayer Healthcare,2018,"14,579",No,0,0,0,0,"14,579"
100890,Bear Mountain Limited,2018,"17,779",No,"17,779",0,0,"17,779",0
3000,Bear Valley Electric Service (BVES),2018,0,No,0,0,0,0,0
104623,Belridge Gas Plant - NGL Supplier,2018,"101,950",No,"8,617","15,530",0,"24,147","77,803"
100895,Berry Petroleum Company - Placerita,2018,"230,688",No,"230,652",0,0,"230,652",36
104094,Berry Petroleum Company - San Joaquin Basin,2018,"1,178,320",No,"1,174,493",0,0,"1,174,493","3,827"
3026,Biggs Municipal Utilities,2018,0,No,0,0,0,0,0
100120,Biola University,2018,"8,614",No,0,0,0,0,"8,614"
100053,Blue Lake Power,2018,0,No,0,0,0,0,0
100342,Blythe Energy,2018,"1,089,802",No,"1,089,802",0,0,"1,089,802",0
104054,BNSF Railway - Barstow,2018,"443,445",No,0,"443,445",0,"443,445",0
104064,BNSF Railway - Commerce,2018,"266,005",No,0,"266,005",0,"266,005",0
104065,BNSF Railway - Richmond,2018,"140,475",No,0,"140,475",0,"140,475",0
4000,Bonneville Power Administration - AO/CS,2018,0,No,0,0,0,0,0
2044,Bonneville Power Administration - Marketer,2018,"1,329",No,0,0,"1,329","1,329",0
104692,Boston Energy Trading and Marketing,2018,0,No,0,0,0,0,0
101676,Bottle Rock Power - Geothermal,2018,0,No,0,0,0,0,0
104680,"Bowerman Power LFG, LLC",2018,"81,768",No,0,0,0,0,"81,768"
104074,Boyett Petroleum,2018,"321,732",No,0,"306,006",0,"306,006","15,725"
2113,BP Energy Company,2018,"174,803",No,0,0,"174,803","174,803",0
104001,BP West Coast Products LLC (BPWCP) - Terminals,2018,"7,324,023",No,0,"6,844,933",0,"6,844,933","479,090"
100389,Braun Medical Inc,2018,"52,313",No,"52,313",0,0,"52,313",0
100061,"Brea Generation, LLC",2018,"122,159",No,0,0,0,0,"122,159"
104075,Breitburn Operating LP - Los Angeles Basin Facility,2018,"21,765",No,"21,431",0,0,"21,431",335
100904,"Bridge Energy, LLC",2018,"30,759",No,"27,437","3,287",0,"30,724",35
104120,Brookfield Energy Marketing LP,2018,"17,461",No,0,0,"17,461","17,461",0
3027,Burbank Water and Power,2018,"341,015",No,0,0,"317,682","317,682","23,333"
100018,Burney Forest Products,2018,"345,765",No,0,0,0,0,"345,765"
104077,BWP/MPP Electricity Generating Facilities at 164 W. Magnolia,2018,"615,280",No,"615,280",0,0,"615,280",0
100002,Calciner,2018,"282,971",No,"282,967",0,0,"282,967",4
100692,CalEnergy Operating Corporation - J J Elmore - Geothermal,2018,"5,641",No,0,0,0,0,"5,641"
100703,CalEnergy Operating Corporation - J M Leathers - Geothermal,2018,"22,193",No,0,0,0,0,"22,193"
100712,CalEnergy Operating Corporation - Region 1 - Geothermal,2018,"68,675",No,0,0,0,0,"68,675"
100716,CalEnergy Operating Corporation - Region 2 - Geothermal,2018,"36,409",No,0,0,0,0,"36,409"
104411,"California Dairies, Inc. Artesia",2018,"10,049",No,0,0,0,0,"10,049"
100959,"California Dairies, Inc. Fresno",2018,"28,276",No,"28,276",0,0,"28,276",0
104410,"California Dairies, Inc. Los Banos",2018,"1,823",No,0,0,0,0,"1,823"
101509,"California Dairies, Inc. Tipton",2018,"39,637",No,"39,637",0,0,"39,637",0
101190,"California Dairies, Inc. Turlock",2018,"34,019",No,"34,019",0,0,"34,019",0
101197,"California Dairies, Inc. Visalia",2018,"61,480",No,"61,480",0,0,"61,480",0
104711,"California Dairies, Inc., Turlock North",2018,"19,051",No,0,0,0,0,"19,051"
3072,"California Department of Water Resources (DWR), State Water Project",2018,0,No,0,0,0,0,0
100327,California Institute of Technology (CalTech),2018,"59,808",No,"59,808",0,0,"59,808",0
104662,California Medical Facility,2018,"12,159",No,0,0,0,0,"12,159"
104353,California Natural Products,2018,"21,992",No,0,0,0,0,"21,992"
104135,California Paperboard Corporation,2018,"2,126",No,"2,126",0,0,"2,126",0
104362,California Polytechnic State University,2018,"10,677",No,0,0,0,0,"10,677"
101060,"California Power Holdings, LLC-Chowchilla Facility, 95360",2018,"10,252",No,"10,252",0,0,"10,252",0
100368,"California Power Holdings, LLC-Red Bluff Facility, 96080",2018,"7,787",No,0,0,0,0,"7,787"
104014,"California Resources Elk Hills, LLC - 35R Gas Plant",2018,"3,295,487",No,"1,788,213","284,193",0,"2,072,406","1,223,081"
104072,California Resources Production Corporation - 760 Los Angeles Basin,2018,"276,431",No,"265,533",0,0,"265,533","10,898"
104029,California Resources Production Corporation - Sacramento Valley Basin 730,2018,"104,660",No,"59,084",0,0,"59,084","45,577"
104030,California Resources Production Corporation - San Joaquin Valley Basin 745,2018,"1,291,045",No,"1,234,959",0,0,"1,234,959","56,086"
104033,California Resources Production Corporation - Ventura Basin 755 incl. SCVGP Gas Plant,2018,"89,796",No,"39,230",828,0,"40,057","49,739"
104657,California State Prison - Corcoran,2018,"10,021",No,0,0,0,0,"10,021"
104736,California State Prison - Sacramento,2018,"14,776",No,0,0,0,0,"14,776"
100235,"California State University, Channel Islands",2018,"26,185",No,"26,185",0,0,"26,185",0
104350,"California State University, Fullerton",2018,"19,581",No,0,0,0,0,"19,581"
101399,"California State University, San Diego",2018,"42,317",No,"42,317",0,0,"42,317",0
100131,"California State University, San Jose",2018,"27,619",No,0,0,0,0,"27,619"
100954,California Steel Industries,2018,"176,673",No,"176,673",0,0,"176,673",0
101405,CalPeak Power - Border,2018,"6,676",No,0,0,0,0,"6,676"
101662,CalPeak Power - Enterprise,2018,"7,041",No,0,0,0,0,"7,041"
100376,"CalPeak Power - Panoche, LLC",2018,"8,278",No,0,0,0,0,"8,278"
100377,"CalPeak Power - Vaca Dixon, LLC",2018,"6,511",No,0,0,0,0,"6,511"
101496,"Calpine - CCFC Sutter Energy, LLC",2018,"236,091",No,"236,091",0,0,"236,091",0
104332,Calpine - CPN Pipeline,2018,"304,747",No,0,0,0,0,"304,747"
101526,"Calpine - Delta Energy Center, LLC",2018,"1,200,264",No,"1,200,264",0,0,"1,200,264",0
101527,"Calpine - Geysers Power Company, LLC - Geothermal",2018,"207,652",No,0,0,0,0,"207,652"
100178,"Calpine - Gilroy Cogen, L.P., Gilroy Cogen_Peaker",2018,"88,402",No,"88,402",0,0,"88,402",0
100337,"Calpine - Gilroy Energy Center, LLC, Feather River",2018,"21,342",No,0,0,0,0,"21,342"
101528,"Calpine - Gilroy Energy Center, LLC, Riverview Peaker",2018,"10,843",No,0,0,0,0,"10,843"
101276,"Calpine - Gilroy Energy Center, LLC, Wolfskill Peaker",2018,"5,765",No,0,0,0,0,"5,765"
101300,"Calpine - King City Cogen, LLC, King City Cogen_Peaker",2018,"179,435",No,"179,435",0,0,"179,435",0
101143,"Calpine - Los Esteros Critical Energy Facility, LLC",2018,"160,206",No,"160,206",0,0,"160,206",0
100338,"Calpine - Los Medanos Energy Center, LLC",2018,"1,291,706",No,"1,291,706",0,0,"1,291,706",0
100343,"Calpine - Metcalf Energy Center, LLC",2018,"811,261",No,"811,261",0,0,"811,261",0
101426,Calpine - O.L.S. Energy - Agnews Inc. 95134,2018,"8,307",No,0,0,0,0,"8,307"
101746,Calpine - Otay Mesa Energy Center,2018,"197,228",No,"197,228",0,0,"197,228",0
100345,Calpine - Pastoria Energy Facility L.L.C.,2018,"1,631,862",No,"1,631,862",0,0,"1,631,862",0
104456,Calpine - Russell City Energy Center,2018,"389,864",No,"389,864",0,0,"389,864",0
101211,"Calpine - Yuba City Energy Center (Gilroy Energy Center, LLC)",2018,"19,978",No,0,0,0,0,"19,978"
3010,Calpine Corporation,2018,"293,237",No,0,0,"293,237","293,237",0
3018,"Calpine Energy Solutions, LLC",2018,0,No,0,0,0,0,0
101029,"CalPortland Company, Mojave Plant",2018,"1,109,762",No,"1,109,762",0,0,"1,109,762",0
100013,"CalPortland Company, Oro Grande Plant",2018,"1,065,645",No,"1,065,645",0,0,"1,065,645",0
100936,"Campbell Soup Supply Company, L.L.C. - Dixon",2018,"30,760",No,"30,760",0,0,"30,760",0
104199,"Campbell Soup Supply Company, L.L.C. - Stockton",2018,"24,196",No,0,0,0,0,"24,196"
104008,Canyon Power Project (CPP),2018,"105,032",No,"105,032",0,0,"105,032",0
2214,"Cargill Power Markets, LLC",2018,0,No,0,0,0,0,0
104748,Carlsbad Energy Center Project,2018,"72,142",No,"72,142",0,0,"72,142",0
101734,Carlton Forge Works,2018,"35,642",No,"35,642",0,0,"35,642",0
100129,Carson Cogeneration Co,2018,0,No,0,0,0,0,0
104660,Cedars-Sinai Medical Center,2018,"17,242",No,0,0,0,0,"17,242"
101476,Cemex Construction Materials Pacific LLC - Victorville Plant,2018,"2,097,700",No,"1,950,799",0,0,"1,950,799","146,900"
104755,Centennial Energy LLC,2018,"16,855",No,0,0,0,0,"16,855"
101015,Central Contra Costa Sanitary District,2018,"72,859",No,0,0,0,0,"72,859"
104743,Central Valley Meat,2018,"11,796",No,0,0,0,0,"11,796"
100917,CertainTeed Corporation,2018,"57,783",No,"57,030",0,0,"57,030",753
101520,Chalk Cliff Limited,2018,"7,725",No,"7,725",0,0,"7,725",0
104628,Chapel Street Environmental II,2018,"4,411",No,0,0,177,177,"4,233"
104707,"Chemtrade West US, LLC",2018,"10,407",No,0,0,0,0,"10,407"
104013,Chevron 17Z Gas Plant,2018,"43,237",No,"5,513","16,132",0,"21,645","21,592"
104011,Chevron AAPG 740 Coastal Basin,2018,"221,919",No,"220,489",0,0,"220,489","1,430"
104012,Chevron AAPG 745 San Joaquin Basin,2018,"2,503,227",No,"2,480,219",0,0,"2,480,219","23,008"
100138,"Chevron Products Company - El Segundo Refinery, 90245",2018,"3,398,468",No,"3,397,270",0,0,"3,397,270","1,198"
104223,Chevron Products Company - Headquarters Fuel Supplier,2018,"33,542,309",No,0,"31,084,441",0,"31,084,441","2,457,867"
101384,"Chevron Products Company - Richmond Refinery, 94802",2018,"4,549,706",No,"4,546,566",0,0,"4,546,566","3,141"
104195,Chevron SJVBU Natural Gas Sales,2018,"112,530",No,0,0,0,0,"112,530"
104393,Children's Hospital Los Angeles,2018,"14,553",No,0,0,0,0,"14,553"
101252,Chula Vista Energy Center,2018,"3,234",No,0,0,0,0,"3,234"
2428,Citigroup Energy Inc.,2018,"4,912",No,0,0,"4,912","4,912",0
101221,"City of Anaheim, Combustion Turbine Generator",2018,"19,854",No,"19,854",0,0,"19,854",0
3023,"City of Anaheim, Public Utilities Department, Anaheim City Hall West",2018,"1,139,378",No,0,0,"1,116,993","1,116,993","22,385"
3025,City of Banning Electric Department,2018,0,No,0,0,0,0,0
3029,City of Cerritos,2018,0,No,0,0,0,0,0
3031,City of Colton - EPE,2018,3,No,0,0,3,3,0
101667,City of Colton - Generation,2018,"4,667",No,0,0,0,0,"4,667"
3032,City of Corona Dept. of Water & Power - EPE,2018,0,No,0,0,0,0,0
104642,City of Hope National Medical Center,2018,"14,105",No,0,0,0,0,"14,105"
3030,City of Industry,2018,0,No,0,0,0,0,0
104641,City of Lancaster,2018,0,No,0,0,0,0,0
3041,City of Lompoc,2018,0,No,0,0,0,0,0
3047,City of Needles,2018,"18,023",No,0,0,"18,023","18,023",0
3048,City of Palo Alto - Electric Power Entity,2018,0,No,0,0,0,0,0
5011,City of Palo Alto - Gas Utility,2018,"153,504",No,0,"153,504",0,"153,504",0
104399,City of Palo Alto Water Quality Control Treatment Plant,2018,"30,217",No,0,0,0,0,"30,217"
3056,City of Riverside Public Utilities,2018,"632,424",No,0,0,"632,424","632,424",0
104547,"City of San Diego, Public Utilities Dept, North City Water Reclamation Plant",2018,"2,203",No,0,0,0,0,"2,203"
101564,"City of San Diego, Public Utilities Dept, Point Loma Treatment Plant",2018,"19,586",No,0,0,0,0,"19,586"
104330,"City of San Diego, Public Utilities Dept, Pump Station 2",2018,"12,057",No,0,0,0,0,"12,057"
3059,City of Shasta Lake - Electric,2018,0,No,0,0,0,0,0
5036,City of Susanville Gas Utility,2018,"11,118",No,0,0,0,0,"11,118"
3065,"City of Ukiah, Electric Utilities Division",2018,0,No,0,0,0,0,0
100328,"Civic Center Cogen, LA County",2018,"79,267",No,"79,267",0,0,"79,267",0
104536,Clean Energy,2018,"129,938",No,"4,535","6,640",0,"11,175","118,763"
104749,Clean Power Alliance,2018,0,No,0,0,0,0,0
104705,CleanPowerSF,2018,0,No,0,0,0,0,0
104485,CMO Inc,2018,"9,522",No,"9,520",0,0,"9,520",2
101516,Coalinga Cogeneration Facility,2018,0,No,0,0,0,0,0
101250,Collins Pine Co.,2018,"76,001",No,0,0,0,0,"76,001"
104570,Comision Federal de Electricidad (CFE),2018,"11,819",No,0,0,"11,819","11,819",0
104646,Commercial Energy of California,2018,0,No,0,0,0,0,0
101503,ConAgra - Oakdale,2018,"60,184",No,"60,184",0,0,"60,184",0
3012,"Constellation NewEnergy, Inc.",2018,"219,226",No,0,0,"34,107","34,107","185,118"
100150,"Corona Energy Partners, Ltd.",2018,0,No,0,0,0,0,0
100690,Coso Energy Developers (BLM E&W) - Geothermal,2018,"93,756",No,0,0,0,0,"93,756"
101670,Coso Finance Partners (Navy I) - Geothermal,2018,"86,991",No,0,0,0,0,"86,991"
101669,Coso Power Developers (Navy II) - Geothermal,2018,"174,837",No,0,0,0,0,"174,837"
101264,"Covanta - Stanislaus, Inc",2018,"262,214",No,"99,303",0,0,"99,303","162,912"
101519,CP Kelco San Diego,2018,"96,831",No,"96,831",0,0,"96,831",0
104488,Crimson Resource Management Corp,2018,"58,381",No,"48,687",0,0,"48,687","9,694"
101263,"Crockett Cogeneration Project, LP",2018,"668,771",No,"668,771",0,0,"668,771",0
104349,"Custom Alloy Light Metals, Inc.",2018,"11,161",No,0,0,0,0,"11,161"
104674,CWP Energy,2018,"10,092",No,0,0,"10,092","10,092",0
104338,Darling Ingredients Inc - Fresno,2018,"12,142",No,0,0,0,0,"12,142"
104337,Darling Ingredients Inc - Los Angeles,2018,"17,642",No,0,0,0,0,"17,642"
104339,Darling Ingredients Inc - Turlock,2018,"16,354",No,0,0,0,0,"16,354"
101260,Dart Container Corporation of California,2018,"14,400",No,0,0,0,0,"14,400"
101214,Del Monte - Hanford,2018,"25,280",No,"25,280",0,0,"25,280",0
104138,Del Monte - Modesto,2018,"13,758",No,0,0,0,0,"13,758"
104489,"Delano Energy Center, LLC",2018,"3,950",No,0,0,0,0,"3,950"
104655,Delano Growers Grape Products,2018,"17,743",No,0,0,0,0,"17,743"
101709,DeMenno/Kerdoon,2018,"26,217",No,"26,217",0,0,"26,217",0
100026,DG Fairhaven Power LLC,2018,"69,257",No,0,0,0,0,"69,257"
104433,"Diamond Pet Food Processors of California, LLC - Lathrop",2018,"11,419",No,0,0,0,0,"11,419"
104690,"Diamond Pet Food Processors of California, LLC - Ripon",2018,"11,408",No,0,0,0,0,"11,408"
101243,Dicalite Minerals Corp.,2018,"27,161",No,"26,971",0,0,"26,971",191
2264,"Direct Energy Business, LLC (fka Strategic Energy)",2018,"354,169",No,0,0,"28,757","28,757","325,412"
101218,Disneyland Resort,2018.00,18963.42,No,0.00,0.00,0.00,0.00,18963.42
100157,Double C Limited,2018,"14,435",No,"14,435",0,0,"14,435",0
101733,Dow Chemical Company - Pittsburg,2018,"49,453",No,"49,453",0,0,"49,453",0
104663,DSH-Napa State Hospital,2018,"16,910",No,0,0,0,0,"16,910"
104742,"DTE Energy Trading, Inc.",2018,"188,927",No,0,0,"27,775","27,775","161,153"
104455,"DTE Stockton, LLC",2018,"555,368",No,0,0,0,0,"555,368"
100221,"Dynegy Moss Landing, LLC",2018,"1,557,959",No,"1,557,959",0,0,"1,557,959",0
101351,"Dynegy Oakland, LLC.",2018,"4,659",No,0,0,0,0,"4,659"
100958,E & J Gallo Winery - Fresno,2018,"26,887",No,"24,354",0,0,"24,354","2,533"
104640,E & J Gallo Winery - Livingston,2018,"17,911",No,0,0,0,0,"17,911"
104215,E&B Natural Resources - San Joaquin Valley,2018,"520,530",No,"519,433",0,0,"519,433","1,097"
101355,E.F. Oxnard LLC,2018,"76,981",No,"76,981",0,0,"76,981",0
104581,Eagle Petroleum - Lynch Canyon Field,2018,"31,323",No,"31,220",0,0,"31,220",103
104758,East Bay Community Energy,2018,0,No,0,0,0,0,0
101511,East Bay Municipal Utility District,2018,"35,498",No,0,0,0,0,"35,498"
3033,Eastside Power Authority,2018,0,No,0,0,0,0,0
100259,Eco Services - Dominguez,2018,"32,488",No,"32,488",0,0,"32,488",0
100258,Eco Services - Martinez,2018,"14,059",No,0,0,0,0,"14,059"
104546,"Ed Staub & Sons Petroleum, Inc.",2018,"23,449",No,0,0,0,0,"23,449"
104452,"EDF Industrial Power Services (CA), LLC",2018,0,No,0,0,0,0,0
104067,"EDF Trading North America, LLC",2018,"144,763",No,0,0,"59,163","59,163","85,600"
104204,Edwards Air Force Base,2018,"20,553",No,0,0,0,0,"20,553"
104374,Eisenhower Medical Center,2018,"19,438",No,0,0,0,0,"19,438"
104079,"El Cajon Energy, LLC",2018,"10,134",No,0,0,0,0,"10,134"
104735,Elbow River Marketing Ltd.,2018,"29,238",No,0,"29,238",0,"29,238",0
104341,Elk Grove Asphalt Terminal,2018,"7,244",No,0,0,0,0,"7,244"
104622,Emidio Pump Station - Shell Pipeline Company,2018,"7,254",No,0,0,0,0,"7,254"
100167,Encina Water Pollution Control Facility,2018,"15,130",No,0,0,0,0,"15,130"
101738,"Energy 2001, Placer WRSL",2018,"12,352",No,0,0,0,0,"12,352"
101607,Energy Center San Francisco LLC,2018,"60,194",No,0,0,0,0,"60,194"
104787,Equinix - Great Oaks,2018,"13,733",No,0,0,0,0,"13,733"
104788,Equinix - Lundy,2018,"10,723",No,0,0,0,0,"10,723"
104458,"ERG Operating Company, LLC. 750 Santa Maria Basin",2018,"38,292",No,"37,958",0,0,"37,958",335
104200,"Escalon Premier Brands, a Division of Kraft Heinz Company",2018,"24,589",No,0,0,0,0,"24,589"
104078,"Escondido Energy Center, LLC",2018,"14,318",No,"14,318",0,0,"14,318",0
100393,Etiwanda Generating Station,2018,2,No,0,0,0,0,2
2078,"Exelon Generation Company, LLC",2018,"372,786",No,0,0,"213,600","213,600","159,185"
104460,ExxonMobil LFC Facility,2018,1,No,0,0,0,0,1
104459,ExxonMobil POPCO Facility,2018,0,No,0,0,0,0,0
104519,"Ferrellgas, LP",2018,"24,996",No,0,"24,996",0,"24,996",0
104041,Flint Hills Resources LP,2018,"1,348,562",No,0,"1,291,887",0,"1,291,887","56,675"
104102,Flyers Energy,2018,"2,024,162",No,0,"1,934,875",0,"1,934,875","89,288"
104541,Foster Dairy Farms DBA Crystal Creamery,2018,"14,083",No,0,0,0,0,"14,083"
104548,Foster Farms Porterville Plant ,2018,"9,294",No,0,0,0,0,"9,294"
104549,Foster Farms Traver Complex ,2018,"9,315",No,0,0,0,0,"9,315"
101575,"Foster Poultry Farms - Livingston Complex, 95334",2018,"46,246",No,"46,246",0,0,"46,246",0
101544,"Fresno Cogeneration Partners, LP",2018,"3,992",No,0,0,0,0,"3,992"
101613,Fresno-Clovis Regional Wastewater Reclamation Facility,2018,"4,264",No,0,0,0,0,"4,264"
101235,Frito Lay - Kern Plant,2018,"52,954",No,"52,954",0,0,"52,954",0
104207,Frito Lay - Modesto,2018,"26,053",No,"26,053",0,0,"26,053",0
104734,Frito Lay - Rancho Cucamonga,2018,"10,610",No,0,0,0,0,"10,610"
101683,"G2 Energy Ostrom Road, LLC",2018,"24,595",No,0,0,0,0,"24,595"
103018,Gallo Glass Company,2018,"141,031",No,"141,031",0,0,"141,031",0
104763,Garberville Gas Corporation,2018,"19,365",No,0,0,0,0,"19,365"
104559,Genentech - Vacaville,2018,"11,367",No,0,0,0,0,"11,367"
101451,Genentech Inc South San Francisco,2018,"30,859",No,"30,859",0,0,"30,859",0
100248,"GenOn Delta, Pittsburg Generating Station 94565",2018,17,No,0,0,0,0,17
104474,GenPower Lincon Landfill Power Plant,2018,"12,341",No,0,0,0,0,"12,341"
101700,Georgia-Pacific Gypsum LLC - Antioch,2018,"45,320",No,"45,320",0,0,"45,320",0
104507,"Gexa Energy California, LLC",2018,0,No,0,0,0,0,0
104484,Glencore Ltd.,2018,0,No,0,0,0,0,0
3034,Glendale Water & Power,2018,"298,799",No,0,0,"146,485","146,485","152,314"
100180,"Goal Line LP, 92025",2018,"14,696",No,0,0,0,0,"14,696"
104730,Goodrich Corporation,2018,"8,785",No,0,0,0,0,"8,785"
101231,"Grade 6 Oil, LLC",2018,"227,443",No,"227,122",0,0,"227,122",321
100147,"Graphic Packaging International, Inc.",2018,0,No,0,0,0,0,0
100181,Grayson Power Plant,2018,"115,579",No,"88,812",0,0,"88,812","26,767"
101155,Greka Santa Maria Refinery ,2018,"15,218",No,0,0,0,0,"15,218"
3035,Gridley Electric Utility,2018,0,No,0,0,0,0,0
101721,"Guardian Industries, LLC",2018,"120,360",No,"120,360",0,0,"120,360",1
104473,Guzman Energy,2018,"65,746",No,0,0,"65,746","65,746",0
104716,Guzman Renewables Energy Partners,2018,"2,274",No,0,0,"2,274","2,274",0
101542,Hanford Energy Park Peaker,2018,"9,840",No,"9,840",0,0,"9,840",0
100186,"Harbor Cogeneration Company, LLC",2018,13,No,0,0,0,0,13
104672,Harris Ranch Beef Company,2018,"10,515",No,0,0,0,0,"10,515"
104747,"Hartland Fuel Products, LLC ",2018,"17,664",No,0,0,0,0,"17,664"
3036,Healdsburg Electric Dept.,2018,0,No,0,0,0,0,0
101364,Henrietta Peaker Plant,2018,"18,615",No,"18,615",0,0,"18,615",0
104360,"HGST, Inc",2018,"18,407",No,0,0,0,0,"18,407"
101478,"High Desert Power Project, LLC",2018,"1,220,043",No,"1,220,043",0,0,"1,220,043",0
104009,High Sierra Cogeneration,2018,"18,284",No,0,0,0,0,"18,284"
100189,High Sierra Limited,2018,"15,343",No,"15,343",0,0,"15,343",0
101288,Hilmar Cheese Company,2018,"68,112",No,"67,754",0,0,"67,754",358
100029,HL Power Company,2018,"258,410",No,0,0,0,0,"258,410"
104368,Hoag Memorial Hospital Presbyterian,2018,"23,170",No,0,0,0,0,"23,170"
104426,Holmes Western Oil Corporation,2018,"31,903",No,"30,980",0,0,"30,980",923
104580,Hood Dairy,2018,"20,042",No,0,0,0,0,"20,042"
104364,"Houweling Nurseries Oxnard, Inc",2018,"35,471",No,0,0,0,0,"35,471"
104346,Hudson Ranch Power I - Geothermal,2018,"24,713",No,0,0,0,0,"24,713"
100040,Humboldt Sawmill Company,2018,"299,669",No,0,0,0,0,"299,669"
104377,Huntington Memorial Hospital,2018,"15,458",No,0,0,0,0,"15,458"
104713,Hyperion Water Reclamation Plant,2018,"95,740",No,"27,608",0,0,"27,608","68,133"
104834,IBE Project - Bloom Energy Servers,2018,"12,596",,0,0,0,0,"12,596"
104708,Idaho Power,2018,"59,843",No,0,0,"59,843","59,843",0
104229,Idemitsu Apollo Corporation,2018,"2,596,893",No,0,"2,397,463",0,"2,397,463","199,430"
101318,"Imerys Filtration Minerals, Inc.",2018,"36,170",No,"36,113",0,0,"36,113",56
3038,Imperial Irrigation District (IID),2018,"1,149,275",No,0,0,"659,218","659,218","490,056"
100162,"Imperial Irrigation District (IID), El Centro Generating Station",2018,"325,628",No,"325,628",0,0,"325,628",0
101307,"Imperial Irrigation District (IID), Niland Gas Turbine Plant",2018,"35,691",No,"35,691",0,0,"35,691",0
101008,Ingomar Packing Company,2018,"81,966",No,"81,966",0,0,"81,966",0
100323,Ingredion Incorporated Stockton Plant,2018,"82,287",No,"82,287",0,0,"82,287",0
101686,"Inland Empire Energy Center, LLC.",2018,"79,383",No,"79,383",0,0,"79,383",0
5045,"IPC (USA), Inc.",2018,"373,650",No,0,"356,269",0,"356,269","17,381"
104465,Ivanpah Solar Electric Generating System,2018,"73,053",No,"73,053",0,0,"73,053",0
104335,J. Aron & Company LLC,2018,"14,088",No,0,0,"14,088","14,088",0
101705,J. G. Boswell Tomato Company Kern,2018,"36,844",No,"36,844",0,0,"36,844",0
104224,J.G. Boswell Company West Processing Townsite,2018,"9,863",No,0,0,0,0,"9,863"
101504,J.G.Boswell Tomato Company Kings,2018,"33,335",No,"33,335",0,0,"33,335",0
104320,Jaco Oil Company,2018,"1,739,651",No,0,"1,629,248",0,"1,629,248","110,403"
104216,John Wayne Airport Orange County,2018,"10,910",No,0,0,0,0,"10,910"
104122,Johns Manville,2018,"15,608",No,"15,608",0,0,"15,608",0
104538,JP Oil,2018,"24,434",No,0,0,0,0,"24,434"
104004,JR Simplot Company,2018,"7,686",No,0,0,0,0,"7,686"
104562,JS West and Companies,2018,0,No,0,0,0,0,0
3011,Just Energy Solutions Inc.,2018,0,No,0,0,0,0,0
104421,"K2 Pure Solutions, Inc",2018,"11,404",No,0,0,0,0,"11,404"
104376,"Kaiser Aluminum Fabricated Products, LLC",2018,"13,847",No,0,0,0,0,"13,847"
104832,Kaiser Permanente - Bloom Energy Servers,2018,"14,095",,0,0,0,0,"14,095"
104355,Kaweah Delta Medical Center,2018,"18,483",No,0,0,0,0,"18,483"
100202,Kern Front Limited,2018,"10,389",No,"10,389",0,0,"10,389",0
5044,Kern Front Natural Gas Pipeline (WCAC),2018,"55,059",No,0,0,0,0,"55,059"
104498,Kern Oil - Fuel Supplier,2018,"2,537,448",No,0,"2,342,059",0,"2,342,059","195,389"
101507,Kern Oil Refinery,2018,"128,683",No,"126,928",0,0,"126,928","1,755"
101514,Kern River Cogeneration Facility,2018,"476,101",No,"476,101",0,0,"476,101",0
5017,Kern River Gas Transmission Company,2018,0,No,0,0,0,0,0
100199,KES Kingsburg L.P.--Kingsburg Cogeneration Facility,2018,"2,731",No,"2,731",0,0,"2,731",0
101100,"Kiefer Landfill, Department of Waste Management and Recycling",2018,"124,297",No,0,0,0,0,"124,297"
100962,Kimberly Clark Worldwide Inc.,2018,"64,545",No,"64,545",0,0,"64,545",0
104047,"Kinergy Marketing, LLC",2018,"151,552",No,0,0,0,0,"151,552"
104774,King City Community Power,2018,0,No,0,0,0,0,0
104425,Kirby Hills Compressor Station,2018,"8,671",No,0,0,0,0,"8,671"
3001,Kirkwood Meadows PUD Powerhouse,2018,0,No,0,0,0,0,0
104800,Kiva Energy Inc.,2018,"84,808",No,0,"84,808",0,"84,808",0
101447,Knauf Insulation,2018,"20,329",No,0,0,0,0,"20,329"
104354,Kraft Heinz Foods Company - Tulare,2018,"20,040",No,0,0,0,0,"20,040"
100205,Kyocera International Inc.,2018,"8,058",No,0,0,0,0,"8,058"
100339,La Paloma Generating Plant - GHG,2018,"422,209",No,"422,209",0,0,"422,209",0
104211,La Rosita Power - Marketing,2018,"604,591",No,0,0,"604,591","604,591",0
104569,LAC+USC Medical Center,2018,"22,616",No,0,0,0,0,"22,616"
101327,LACSD - Calabasas LF,2018,"28,806",No,0,0,0,0,"28,806"
100064,LACSD - Commerce Refuse To Energy,2018,"54,321",No,0,0,0,0,"54,321"
101487,LACSD - Joint Water Pollution Control Plant,2018,"107,101",No,0,0,0,0,"107,101"
100071,LACSD - Puente Hills Landfill,2018,"134,972",No,0,0,0,0,"134,972"
101373,LACSD - Spadra Landfill,2018,0,No,0,0,0,0,0
101465,"Land O' Lakes, Inc.",2018,"59,243",No,"59,243",0,0,"59,243",0
104762,"Lansing Trade Group, LLC",2018,"29,817",No,0,"29,817",0,"29,817",0
3039,Lassen Municipal Utility District,2018,0,No,0,0,0,0,0
104656,Lathrop Irrigation District,2018,0,No,0,0,0,0,0
101708,Lawrence Livermore National Laboratory (LLNL),2018,"24,204",No,0,0,0,0,"24,204"
101265,Lehigh Southwest Cement Co - Cupertino,2018,"875,981",No,"875,964",0,0,"875,964",17
101381,Lehigh Southwest Cement Co - Redding,2018,"318,227",No,"307,688",0,0,"307,688","10,539"
101461,Lehigh Southwest Cement Co - Tehachapi,2018,"629,435",No,"624,558",0,0,"624,558","4,877"
104106,Leprino Foods - Lemoore East,2018,"23,160",No,0,0,0,0,"23,160"
101716,Leprino Foods - Lemoore West,2018,"48,865",No,"48,817",0,0,"48,817",48
104105,Leprino Foods - Tracy,2018,"16,454",No,0,0,0,0,"16,454"
104052,Lhoist North America - Natividad Plant,2018,"84,229",No,"84,205",0,0,"84,205",24
101499,Liberty Packing - Los Banos (Morning Star),2018,"87,241",No,"87,241",0,0,"87,241",0
104451,"Liberty Power Holdings, LLC",2018,0,No,0,0,0,0,0
104099,Liberty Utilities (CalPeco Electric) LLC,2018,"66,157",No,0,0,"63,809","63,809","2,348"
101044,Live Oak Limited,2018,"10,978",No,"10,978",0,0,"10,978",0
101574,Lockheed Martin Aeronautics Company - Palmdale,2018,"15,772",No,0,0,0,0,"15,772"
101623,Lockheed Martin Corporation - Sunnyvale,2018,"22,015",No,0,0,0,0,"22,015"
104424,Lodi Compressor Station,2018,"13,648",No,0,0,0,0,"13,648"
3040,Lodi Electric Utility,2018,0,No,0,0,0,0,0
104172,Lodi Energy Center,2018,"547,701",No,"547,701",0,0,"547,701",0
100207,Loma Linda University,2018,"57,106",No,"57,106",0,0,"57,106",0
5003,Long Beach Gas & Oil Dept (LBGO),2018,"487,648",No,0,"399,991",0,"399,991","87,658"
3042,Los Angeles Department of Water & Power (LADWP),2018,"6,632,630",No,0,0,"6,629,659","6,629,659","2,971"
100185,Los Angeles Department of Water & Power-Harbor Generating Station (LADWP),2018,"29,167",No,"28,541",0,0,"28,541",627
100187,Los Angeles Department of Water & Power-Haynes Generating Station (LADWP),2018,"1,229,228",No,"1,219,228",0,0,"1,219,228","10,001"
101004,Los Angeles Department of Water & Power-Scattergood Generating Station (LADWP),2018,"716,331",No,"716,331",0,0,"716,331",0
101325,Los Angeles Department of Water & Power-Valley Generating Station (LADWP),2018,"591,001",No,"590,289",0,0,"590,289",711
101323,Los Angeles International Airport (LAX),2018,"23,963",No,0,0,0,0,"23,963"
101246,Los Angeles Refinery (LAR),2018,"6,367,797",No,"6,364,716",0,0,"6,364,716","3,082"
100972,Los Gatos Tomato Products,2018,"59,456",No,"59,456",0,0,"59,456",0
101162,"Lunday-Thagard Company, DBA World Oil Refining",2018,"37,661",No,"37,023",0,0,"37,023",638
100682,Luz Solar Partners LTD,2018,"17,010",No,"17,010",0,0,"17,010",0
101291,Luz Solar Partners LTD VIII & IX,2018,"22,104",No,"22,104",0,0,"22,104",0
101234,Macpherson Oil Company,2018,"177,025",No,"176,514",0,0,"176,514",511
2112,Macquarie Energy LLC,2018,"208,032",No,0,0,"208,032","208,032",0
104573,"MAG Energy Solutions, Inc. - EPE",2018,"26,690",No,0,0,"26,690","26,690",0
101192,MAGTFTC MCAGCC Twentynine Palms,2018,"56,845",No,0,0,0,0,"56,845"
101687,"Malaga Power, LLC",2018,"15,700",No,"15,700",0,0,"15,700",0
100314,Malburg Generating Station,2018,"214,482",No,"214,482",0,0,"214,482",0
100210,Mandalay Generating Station,2018,0,No,0,0,0,0,0
104676,"Mansfield Oil Company of Gainesville, Inc",2018,"20,660",No,0,0,0,0,"20,660"
104463,Marin Clean Energy,2018,0,No,0,0,0,0,0
104169,Mariposa Energy LLC,2018,"65,308",No,"65,308",0,0,"65,308",0
101332,Martinez Cogen Limited Partnership,2018,"374,608",No,"374,595",0,0,"374,595",14
104384,"Maruchan, Inc. - Laguna Canyon",2018,"20,820",No,0,0,0,0,"20,820"
104633,Matchmaster Dyeing & Finishing,2018,"24,529",No,"24,529",0,0,"24,529",0
104805,MATRIX OIL CORP,2018,"12,022",,0,0,0,0,"12,022"
104613,"Matsui Nursery, Inc.",2018,"12,664",No,0,0,0,0,"12,664"
100296,McKittrick Limited,2018,"10,905",No,"10,905",0,0,"10,905",0
3044,Merced Irrigation District (MeID),2018,0,No,0,0,0,0,0
101665,"Merced Power, LLC, 95340",2018,"92,508",No,0,0,0,0,"92,508"
100878,Metropolitan State Hospital,2018,"4,290",No,0,0,0,0,"4,290"
2046,Metropolitan Water District of Southern California (MWD),2018,"280,669",No,0,0,"280,669","280,669",0
101703,"Midstream Energy Partners, USA, LLC",2018,"843,504",No,"31,562","42,069",0,"73,631","769,873"
101744,"Midway Peaking, LLC",2018,"30,229",No,"30,229",0,0,"30,229",0
100215,Midway-Sunset Cogeneration,2018,"542,719",No,"542,719",0,0,"542,719",0
104737,Milk Specialties Global,2018,"12,961",No,0,0,0,0,"12,961"
101297,MillerCoors USA LLC.,2018,"24,342",No,0,0,0,0,"24,342"
104397,Mira Loma Metal Container Corp,2018,"10,882",No,0,0,0,0,"10,882"
100036,Miramar - MM and Miramar Energy,2018,"47,032",No,0,0,0,0,"47,032"
104629,Mission Bell Winery ,2018,"13,331",No,0,0,0,0,"13,331"
104658,Mission Foods Corporation,2018,"12,862",No,0,0,0,0,"12,862"
101010,Mitsubishi Cement 2000,2018,"1,178,862",No,"1,126,212",0,0,"1,126,212","52,650"
101217,"Mizkan America, Inc.",2018,"20,153",No,"20,153",0,0,"20,153",0
100088,MM Lopez Energy LLC,2018,"10,723",No,0,0,0,0,"10,723"
101711,MM Prima Deshecha Energy LLC,2018,"27,337",No,0,0,0,0,"27,337"
100097,MM San Diego LLC - North City,2018,"15,986",No,0,0,0,0,"15,986"
100051,MM Tajiguas Energy LLC,2018,"15,313",No,0,0,0,0,"15,313"
101484,MM West Covina LLC,2018,"39,687",No,0,0,0,0,"39,687"
101209,MM Yolo Power LLC,2018,"10,176",No,0,0,0,0,"10,176"
101359,"Modesto Irrigation District - Ripon Generation Station, 95366",2018,"15,705",No,"15,705",0,0,"15,705",0
3045,Modesto Irrigation District (MID),2018,"532,170",No,0,0,"423,169","423,169","109,002"
101028,"Modesto Irrigation District (MID) - Woodland Generation Station, 95351",2018,"223,956",No,"223,956",0,0,"223,956",0
5019,Mojave Pipeline Operating Company (MPOC),2018,0,No,0,0,0,0,0
104726,Monterey Bay Community Power,2018,0,No,0,0,0,0,0
101329,Monterey Regional Waste Management District,2018,"13,084",No,0,0,0,0,"13,084"
3046,Moreno Valley Utility (MVU),2018,0,No,0,0,0,0,0
2369,Morgan Stanley Capital Group Inc. - EPE,2018,"473,976",No,0,0,"440,374","440,374","33,602"
101498,Morning Star Packing Company - Los Banos,2018,"59,125",No,"59,125",0,0,"59,125",0
101536,Morning Star Packing Company - Williams,2018,"103,496",No,"103,496",0,0,"103,496",0
104418,"Morton Salt, Inc.",2018,0,No,0,0,0,0,0
104322,MP Mine Operations LLC,2018,138,No,0,0,0,0,138
101228,Mt. Poso Cogeneration Company,2018,"290,058",No,0,0,0,0,"290,058"
104438,Musket Corporation,2018,"326,963",No,0,"54,226",0,"54,226","272,737"
104097,Naftex Operating Company,2018,"33,045",No,"32,930",0,0,"32,930",115
104405,NASA Ames Research Center,2018,"16,216",No,0,0,0,0,"16,216"
101314,National Cement Company - Lebec,2018,"830,444",No,"806,929",0,0,"806,929","23,515"
104408,Naval Air Station Lemoore,2018,"9,642",No,0,0,0,0,"9,642"
104789,Naval Air Station North Island,2018,"14,343",No,0,0,0,0,"14,343"
104214,Naval Air Weapons Station China Lake,2018,"11,791",No,0,0,0,0,"11,791"
104035,Naval Medical Center - San Diego,2018,"20,288",No,0,0,0,0,"20,288"
104732,NCPA - CT1 Alameda,2018,"8,218",No,0,0,0,0,"8,218"
104551,"Nebraska Corn Processing, LLC",2018,"14,054",No,0,0,0,0,"14,054"
104717,"Neste US, Inc.",2018,"1,590,926",No,0,0,0,0,"1,590,926"
2388,Nevada Power Company (dba NV Energy),2018,"19,440",No,0,0,"19,440","19,440",0
101697,"New NGC, Inc - Long Beach",2018,"34,855",No,"34,855",0,0,"34,855",0
104415,"New NGC, Inc - Richmond",2018,"29,711",No,"29,711",0,0,"29,711",0
104136,Newark Pacific Paperboard,2018,"24,941",No,"24,941",0,0,"24,941",0
100195,"New-Indy Ontario, LLC Linerboard Mill",2018,"228,781",No,"228,781",0,0,"228,781",0
101356,New-Indy Oxnard LLC,2018,"117,993",No,"117,993",0,0,"117,993",0
104611,"Newport Fab, LLC (DBA TowerJazz Semiconductor)",2018,"11,502",No,0,0,0,0,"11,502"
104225,"Nextera Energy Marketing, LLC",2018,"125,507",No,0,0,"8,053","8,053","117,454"
104420,"Nong Shim America, Inc.",2018,"11,715",No,0,0,0,0,"11,715"
104457,"Nor-Cal Beverage Company, Inc. - Anaheim",2018,"13,523",No,0,0,0,0,"13,523"
104323,North Baja Pipeline,2018,0,No,0,0,0,0,0
101529,Northern California Power Agency - Geothermal Plant No. 1,2018,"20,515",No,0,0,0,0,"20,515"
101530,Northern California Power Agency - Geothermal Plant No. 2,2018,"23,801",No,0,0,0,0,"23,801"
2215,Northern California Power Agency (NCPA),2018,"41,303",No,0,0,"41,303","41,303",0
101358,Northrop Grumman - Palmdale,2018,"11,483",No,0,0,0,0,"11,483"
104227,Northrop Grumman Marine Systems - Sunnyvale,2018,"16,461",No,0,0,0,0,"16,461"
104324,Northrop Grumman Systems Corp. - Redondo Beach,2018,"11,131",No,0,0,0,0,"11,131"
100076,NOVE Power Plant,2018,753,No,0,0,0,0,753
101135,NRG Energy - El Cajon,2018,0,No,0,0,0,0,0
100164,NRG Energy - El Segundo,2018,"485,579",No,"485,579",0,0,"485,579",0
101534,NRG Energy - Encina,2018,"233,881",No,"233,878",0,0,"233,878",3
101408,NRG Energy - Kearny 2 and 3,2018,0,No,0,0,0,0,0
100208,NRG Energy - Long Beach,2018,"21,478",No,"21,478",0,0,"21,478",0
104217,"NRG, Marsh Landing Generating Station ",2018,"139,464",No,"139,464",0,0,"139,464",0
101500,Olam West Coast Inc - Williams,2018,"36,828",No,"36,828",0,0,"36,828",0
101213,Olam West Coast Inc- Lemoore,2018,"43,819",No,"43,819",0,0,"43,819",0
104069,"Olam West Coast, Inc. - Firebaugh",2018,"30,366",No,"30,366",0,0,"30,366",0
101284,"Olam West Coast, Inc. - Gilroy",2018,"35,317",No,"35,317",0,0,"35,317",0
104378,"Olive View Medical Center, Los Angeles County Department of Health Services",2018,"18,438",No,0,0,0,0,"18,438"
100236,OLS Energy Chino,2018,"18,703",No,"18,703",0,0,"18,703",0
101745,Orange County Central Utility Facility,2018,"36,406",No,0,0,0,0,"36,406"
100255,Orange County Sanitation District - Plant 1,2018,"26,802",No,0,0,0,0,"26,802"
101280,Orange County Sanitation District - Plant 2,2018,"31,352",No,0,0,0,0,"31,352"
104053,Orange Grove Energy Center,2018,"20,374",No,"20,374",0,0,"20,374",0
104675,Orange Plant - R.J. Noble,2018,"11,197",No,0,0,0,0,"11,197"
104495,"Ormat Nevada, Inc. / ORNI 18 North Brawley - Geothermal",2018,"32,980",No,0,0,0,0,"32,980"
100695,"Ormat Nevada, Inc./ GEM 2 & 3 - Geothermal",2018,"12,419",No,0,0,0,0,"12,419"
101357,Ormond Beach Generating Station,2018,"119,927",No,"119,927",0,0,"119,927",0
100106,Otay Landfill Gas LLC,2018,"22,351",No,0,0,0,0,"22,351"
101154,"Owens Corning Insulating Systems, LLC Santa Clara",2018,"17,193",No,"17,193",0,0,"17,193",0
104778,"Owens Corning Roofing and Asphalt, LLC",2018,"10,209",No,0,0,0,0,"10,209"
101183,"Owens-Brockway Glass Container, Tracy",2018,"86,234",No,"86,234",0,0,"86,234",0
101475,"Owens-Brockway Glass Container, Vernon",2018,"58,408",No,"58,408",0,0,"58,408",0
104419,"PABCO Clay Products, LLC, dba Gladding McBean",2018,"14,735",No,0,0,0,0,"14,735"
104733,PABCO Gypsum Newark,2018,"28,674",No,"28,674",0,0,"28,674",0
104383,PABCO Paper,2018,"17,871",No,0,0,0,0,"17,871"
104616,Pacific Clay Products,2018,"11,083",No,0,0,0,0,"11,083"
101674,Pacific Coast Energy Company LP,2018,"34,993",No,"34,871",0,0,"34,871",122
101207,Pacific Coast Producers,2018,"34,835",No,"34,835",0,0,"34,835",0
104740,Pacific Continental Textiles,2018,"7,558",No,0,0,0,0,"7,558"
104540,"Pacific Ethanol Madera, LLC",2018,"40,212",No,"40,212",0,0,"40,212",0
104048,"Pacific Ethanol Stockton, LLC",2018,"63,015",No,"63,015",0,0,"63,015",0
3002,Pacific Gas and Electric Company (PG&E) - Electric Power Entity,2018,"876,352",No,0,0,0,0,"876,352"
104025,"Pacific Gas and Electric Company (PG&E) - Gas Distribution System Fugitive Emissions (San Francisco, CA)",2018,"497,299",No,0,0,0,0,"497,299"
104024,Pacific Gas and Electric Company (PG&E) - Supplier of Natural Gas ,2018,"41,664,525",No,0,"18,326,658",0,"18,326,658","23,337,867"
101298,Pacific Ultrapower Chinese,2018,"281,663",No,0,0,0,0,"281,663"
3003,PacifiCorp,2018,"674,176",No,0,0,"674,176","674,176",0
104669,Pactiv - Red Bluff,2018,"10,546",No,0,0,0,0,"10,546"
104738,Palo Alto V.A. Health Care System Division,2018,"9,546",No,0,0,0,0,"9,546"
101740,"Panoche Energy Center, LLC",2018,"311,023",No,"311,023",0,0,"311,023",0
104500,Paramount Petroleum Corporation - Fuel Supplier,2018,"9,025",No,0,0,0,0,"9,025"
3049,"Pasadena Water and Power, 91101",2018,"444,596",No,0,0,"444,596","444,596",0
100179,"Pasadena Water and Power, Glenarm",2018,"42,982",No,"42,982",0,0,"42,982",0
104801,Peet's Coffee,2018,"10,173",,0,0,0,0,"10,173"
104698,Peninsula Clean Energy (PCE),2018,0,No,0,0,0,0,0
104089,Petro-Diamond,2018,"2,112,194",No,0,"1,985,959",0,"1,985,959","126,234"
104022,PG&E Burney Compressor Station,2018,"30,226",No,"25,155",0,0,"25,155","5,072"
101758,PG&E Colusa Generating Station,2018,"1,169,153",No,"1,169,153",0,0,"1,169,153",0
101562,PG&E Delevan Compressor Station,2018,"45,644",No,"40,902",0,0,"40,902","4,742"
101741,PG&E Gateway Generating Station,2018,"1,163,952",No,"1,163,952",0,0,"1,163,952",0
101747,PG&E Gerber Compressor Station,2018,"57,876",No,"53,124",0,0,"53,124","4,752"
101290,PG&E Hinkley Compressor Station,2018,"57,571",No,"46,349",0,0,"46,349","11,222"
100192,PG&E Humboldt Bay Generating Station,2018,"179,025",No,"178,177",0,0,"178,177",848
101563,PG&E Kettleman Compressor Station,2018,"15,222",No,0,0,0,0,"15,222"
104021,PG&E McDonald Island Underground Storage Station,2018,"20,564",No,0,0,0,0,"20,564"
104023,PG&E Tionesta Compressor Station,2018,"36,993",No,"35,602",0,0,"35,602","1,391"
101031,PG&E Topock Compressor Station,2018,"35,159",No,"29,739",0,0,"29,739","5,420"
104010,Phillips 66 Company - Fuel Supplier,2018,"19,419,378",No,0,"18,264,190",0,"18,264,190","1,155,189"
100913,Phillips 66 Company - Los Angeles Refinery - Carson Plant,2018,"936,704",No,"935,676",0,0,"935,676","1,029"
100329,Phillips 66 Company - Los Angeles Refinery - Wilmington Plant,2018,"1,923,613",No,"1,920,798",0,0,"1,920,798","2,815"
100351,Phillips 66 Company - San Francisco Carbon Plant,2018,"221,000",No,"220,996",0,0,"220,996",4
100303,Phillips 66 Company - San Francisco Refinery,2018,"1,259,935",No,"1,259,374",0,0,"1,259,374",561
101226,Phillips 66 Company - Santa Maria Refinery,2018,"169,296",No,"169,079",0,0,"169,079",217
104728,Pico Rivera Innovative Municipal Energy (PRIME),2018,0,No,0,0,0,0,0
3016,"Pilot Power Group, Inc.",2018,0,No,0,0,0,0,0
104494,"Pilot Travel Centers, LLC",2018,"856,259",No,0,"829,353",0,"829,353","26,906"
104667,Pio Pico Energy Center,2018,"80,553",No,"80,553",0,0,"80,553",0
104773,Pioneer Community Energy (PIO),2018,0,No,0,0,0,0,0
100151,Pitchess Cogeneration Station,2018,"79,246",No,"79,246",0,0,"79,246",0
5024,Pittsburg Power Company- EPE,2018,0,No,0,0,0,0,0
101685,Pixley Cogeneration Partners / Calgren Renewable Fuels,2018,"141,406",No,"73,473",0,0,"73,473","67,933"
100888,Plains LPG Services/ Lone Star Frac & Isom Facility,2018,"1,044,254",No,"73,927",86,0,"74,012","970,241"
104557,"Plains Marketing, L.P.",2018,"121,332",No,0,"121,332",0,"121,332",0
104731,Plains Midstream Canada ULC,2018,"199,952",No,0,"199,952",0,"199,952",0
3100,Plumas-Sierra REC,2018,"2,101",No,0,0,"2,101","2,101",0
3051,Port of Oakland,2018,0,No,0,0,0,0,0
3052,"Port of Stockton, 95203",2018,0,No,0,0,0,0,0
2127,Portland General Electric Company,2018,"419,128",No,0,0,"156,002","156,002","263,126"
104681,"Potrero Hills Energy Producers, LLC",2018,"34,474",No,0,0,0,0,"34,474"
3053,Power and Water Resources Pooling Authority (PWRPA),2018,0,No,0,0,0,0,0
3101,Powerex Corp - AO/CS,2018,0,No,0,0,0,0,0
2243,Powerex Corp. - Marketer,2018,"595,064",No,0,0,"12,143","12,143","582,921"
101053,Praxair Inc.,2018,"80,002",No,"80,002",0,0,"80,002",0
104777,"Praxair Plainfield, Inc.",2018,0,No,0,0,0,0,0
104394,Press Forge Co,2018,"17,773",No,0,0,0,0,"17,773"
104206,Prime Wheel Corporation,2018,"16,755",No,0,0,0,0,"16,755"
104423,Procter & Gamble Manufacturing Co. - Sacramento Plant,2018,"20,356",No,"20,356",0,0,"20,356",0
101497,"ProEnergy - Greenleaf Energy Unit 1, LLC",2018,"31,634",No,"31,634",0,0,"31,634",0
100182,"ProEnergy - Greenleaf Energy Unit 2, LLC",2018,"116,664",No,"116,664",0,0,"116,664",0
104096,ProPetroleum Inc.,2018,"107,720",No,0,"107,720",0,"107,720",0
104625,Public Service Company of Colorado (PSCo),2018,"299,069",No,0,0,"5,889","5,889","293,180"
104744,Public Service Company of New Mexico,2018,"1,705",No,0,0,"1,705","1,705",0
104462,Puget Sound Energy,2018,"3,712",No,0,0,"3,712","3,712",0
101400,"Qualcomm, Inc. - Morehouse Facility",2018,"23,515",No,0,0,0,0,"23,515"
101523,"Qualcomm, Inc. - Pacific Center Facility",2018,"41,004",No,"41,004",0,0,"41,004",0
104197,"Quemetco, Inc.",2018,"39,152",No,"39,152",0,0,"39,152",0
5028,Questar Southern Trails,2018,0,No,0,0,0,0,0
104391,Rady Children's Hospital San Diego,2018,"22,751",No,0,0,0,0,"22,751"
104203,Rainbow Energy Marketing Corporation (REMC),2018,"16,244",No,0,0,"16,244","16,244",0
3054,Rancho Cucamonga Municipal Utility,2018,0,No,0,0,0,0,0
104767,Rancho Mirage Energy Authority (RMEA),2018,0,No,0,0,0,0,0
3055,Redding Electric Utility,2018,"105,848",No,0,0,"50,056","50,056","55,792"
100256,Redding Electric Utility - Redding Power Generation,2018,"112,180",No,"112,180",0,0,"112,180",0
104712,Redwood Coast Energy Authority,2018,"23,814",No,0,0,467,467,"23,347"
104560,"REG Marketing & Logistics Group, LLC",2018,"447,548",No,0,0,0,0,"447,548"
104198,Richard J Donovan Correctional Facility,2018,"3,966",No,0,0,0,0,"3,966"
100265,Rio Bravo Fresno,2018,"269,612",No,0,0,0,0,"269,612"
100055,Rio Bravo Rocklin,2018,"274,832",No,0,0,0,0,"274,832"
104691,Rio Tinto - Wilmington,2018,"11,536",No,0,0,0,0,"11,536"
104056,River City Petroleum,2018,"1,113,273",No,0,"1,059,045",0,"1,059,045","54,228"
100387,Riverside Public Utilities - Clearwater Facility,2018,"7,089",No,0,0,0,0,"7,089"
100392,Riverside Public Utilities - Riverside Energy Resource Center,2018,"50,781",No,"50,781",0,0,"50,781",0
104037,Robinson Oil Supply & Transport,2018,"280,429",No,0,"264,179",0,"264,179","16,250"
100196,"Rohr, Inc., a Collins Aerospace Company-Cogen Plant",2018,"11,347",No,0,0,0,0,"11,347"
101702,Roseburg Forest Products,2018,"126,504",No,0,0,0,0,"126,504"
3057,Roseville Electric,2018,"102,028",No,0,0,"102,028","102,028",0
101270,"Roseville Electric, Roseville Energy Park",2018,"117,819",No,"117,819",0,0,"117,819",0
3058,Sacramento Municipal Utility District (SMUD) - Electric Power Entity,2018,"434,017",No,0,0,"68,766","68,766","365,251"
104352,Sacramento Municipal Utility District (SMUD) - Gas Pipeline,2018,"2,170,723",No,0,0,0,0,"2,170,723"
100130,"Sacramento Municipal Utility District (SMUD) , Carson Ice CG",2018,"179,633",No,"171,387",0,0,"171,387","8,247"
100365,"Sacramento Municipal Utility District (SMUD) , Cosumnes Power Plant",2018,"1,312,000",No,"1,224,928",0,0,"1,224,928","87,072"
100252,"Sacramento Municipal Utility District (SMUD) , SCA",2018,"372,601",No,"372,601",0,0,"372,601",0
100125,"Sacramento Municipal Utility District (SMUD) , SPA",2018,"341,882",No,"341,882",0,0,"341,882",0
104632,Sacramento Rendering Company,2018,"13,481",No,0,0,0,0,"13,481"
101035,Safety-Kleen of California Inc.,2018,0,No,0,0,0,0,0
104357,Saint Agnes Medical Center,2018,"18,853",No,0,0,0,0,"18,853"
104436,Saint Bernardine Medical Center,2018,"8,514",No,0,0,0,0,"8,514"
101518,Salinas River Cogeneration Facility,2018,"221,855",No,"221,855",0,0,"221,855",0
104461,Salt River Project,2018,"302,265",No,0,0,"302,265","302,265",0
104398,San Benito Foods,2018,"17,045",No,0,0,0,0,"17,045"
3004,San Diego Gas & Electric (SDG&E) - Electric Power Entity,2018,"887,427",No,0,0,"887,427","887,427",0
104085,San Diego Gas and Electric (SDG&E) - Local Distribution,2018,"4,747,012",No,0,"2,893,784",0,"2,893,784","1,853,229"
104115,San Diego Gas and Electric (SDG&E) - Natural Gas Distribution Sub W,2018,"94,318",No,0,0,0,0,"94,318"
104380,San Francisco General Hospital,2018,"14,588",No,0,0,0,0,"14,588"
3028,"San Francisco Hetch Hetchy Water and Power, CCSF",2018,0,No,0,0,0,0,0
104367,San Francisco International Airport (SFO),2018,"15,111",No,0,0,0,0,"15,111"
104556,San Francisco Southeast Treatment Plant,2018,"9,073",No,0,0,0,0,"9,073"
104768,San Jacinto Power ,2018,0,No,0,0,0,0,0
101239,San Joaquin Refining Company,2018,"95,417",No,"95,052",0,0,"95,052",365
104497,San Joaquin Refining Company - Fuel Supplier,2018,"224,019",No,0,"213,880",0,"213,880","10,138"
104793,San Jose Clean Energy,2018,0,No,0,0,0,0,0
101140,San Jose/Santa Clara Regional Wastewater Facility,2018,"36,764",No,0,0,0,0,"36,764"
101157,San Marcos Energy LLC,2018,"9,043",No,0,0,0,0,"9,043"
104670,Santa Barbara Cottage Hospital,2018,"12,227",No,0,0,0,0,"12,227"
104626,Santa Clara Valley Medical Center,2018,"16,904",No,0,0,0,0,"16,904"
101439,Santa Cruz Energy LLC,2018,"6,091",No,0,0,0,0,"6,091"
104381,"Santa Maria Energy, LLC, Careaga Lease",2018,"13,139",No,0,0,0,0,"13,139"
101186,Saputo Cheese USA Inc. - Paige,2018,"70,220",No,"70,220",0,0,"70,220",0
104396,Saputo Cheese USA Inc.- Levin,2018,"11,618",No,0,0,0,0,"11,618"
101517,Sargent Canyon Cogeneration Facility,2018,0,No,0,0,0,0,0
104358,Schlosser Forge Company,2018,"27,973",No,"27,973",0,0,"27,973",0
101663,SDG&E - Cuyamaca Peak Energy Plant,2018,"8,982",No,0,0,0,0,"8,982"
101401,SDG&E - Miramar Energy Facility,2018,"50,449",No,"50,449",0,0,"50,449",0
104221,SDG&E - Moreno Compressor Station,2018,"4,851",No,0,0,0,0,"4,851"
100362,SDG&E - Palomar Energy Center,2018,"752,975",No,"752,975",0,0,"752,975",0
100011,Searles Valley Minerals Inc.,2018,"1,573,637",No,"1,573,637",0,0,"1,573,637",0
104503,"SEI Fuel Services, Inc.",2018,"1,564,199",No,0,"1,461,419",0,"1,461,419","102,780"
2060,"Sempra Gas & Power Marketing, LLC",2018,"1,429,318",No,0,0,"1,429,318","1,429,318",0
104610,Seneca Foods Corporation ,2018,963,No,0,0,0,0,963
104091,Seneca San Joaquin Production Facilities,2018,"294,825",No,"294,380",0,0,"294,380",444
101315,Sensient Natural Ingredients LLC,2018,"44,839",No,"44,627",0,0,"44,627",211
104219,"Sentinel Energy Center, LLC",2018,"268,704",No,"268,704",0,0,"268,704",0
104081,Sentinel Peak Resources - SJV Basin Facility,2018,"808,702",No,"790,246",0,0,"790,246","18,456"
103016,Sentinel Peak Resources- AG Facility,2018,"104,247",No,"96,026",0,0,"96,026","8,220"
104792,"Setton Pistachio of Terra Bella, Inc",2018,"10,000",No,0,0,0,0,"10,000"
104202,SFPP L.P. - Colton Terminal,2018,"14,293",No,0,0,0,0,"14,293"
104615,Sharp Grossmont Hospital,2018,"19,077",No,0,0,0,0,"19,077"
104340,Shell Catalysts & Technologies,2018,"15,475",No,0,0,0,0,"15,475"
104325,Shell Chemical LP - Martinez Catalyst Plant,2018,"14,009",No,0,0,0,0,"14,009"
3081,"Shell Energy North America (US), L.P. - EPE",2018,"374,016",No,0,0,"110,393","110,393","263,623"
100914,Shell Oil Products US - Martinez,2018,"3,907,120",No,"3,906,217",0,0,"3,906,217",902
104051,Shell Oil Products US - Supply - Fuel Supplier,2018,"13,211,017",No,0,"12,436,963",0,"12,436,963","774,054"
104543,Shell Trading US Company - Fuel Supplier,2018,"441,817",No,0,0,0,0,"441,817"
104511,Shiralian Enterprises,2018,"363,288",No,0,"346,459",0,"346,459","16,829"
104329,Shultz Steel Company,2018,"27,512",No,"27,512",0,0,"27,512",0
104614,Sierra Aluminum Company,2018,"15,566",No,0,0,0,0,"15,566"
100090,"Sierra Pacific Industries (SPI) - Anderson, 96007",2018,"304,220",No,0,0,0,0,"304,220"
100043,Sierra Pacific Industries (SPI) - Burney,2018,"169,470",No,0,0,0,0,"169,470"
101680,Sierra Pacific Industries (SPI) - Lincoln,2018,"223,892",No,0,0,0,0,"223,892"
101378,Sierra Pacific Industries (SPI) - Quincy Division,2018,"295,181",No,0,0,0,0,"295,181"
101681,Sierra Pacific Industries (SPI) - Shasta Lake,2018,"44,983",No,0,0,0,0,"44,983"
101682,Sierra Pacific Industries (SPI) - Sonora,2018,"141,797",No,0,0,0,0,"141,797"
2438,Sierra Pacific Power Company (dba NV Energy),2018,"132,041",No,0,0,"132,041","132,041",0
104766,Sierra Resources Santa Barbara Basin,2018,"14,408",No,0,0,0,0,"14,408"
104090,Signal Hill Petroleum Facilities,2018,"31,084",No,"30,462",0,0,"30,462",622
104720,Silicon Valley Clean Energy Authority,2018,0,No,0,0,0,0,0
3061,"Silicon Valley Power (SVP), City of Santa Clara",2018,"99,673",No,0,0,"2,443","2,443","97,230"
101438,"Silicon Valley Power (SVP), City of Santa Clara , Cogen",2018,"39,193",No,"39,193",0,0,"39,193",0
101436,"Silicon Valley Power (SVP), City of Santa Clara , DVR",2018,"369,242",No,"369,242",0,0,"369,242",0
101691,Smithfield Packaged Meats Corp,2018,"19,529",No,0,0,0,0,"19,529"
104798,"Soil Safe of California, Inc.",2018,"10,455",No,0,0,0,0,"10,455"
104764,Solana Energy Alliance (SEA),2018,"4,584",No,0,0,90,90,"4,494"
101118,Solar Turbines Incorporated - Kearny Mesa,2018,"42,806",No,"41,203",0,0,"41,203","1,604"
104537,Sonoma Clean Power (SCP),2018,0,No,0,0,0,0,0
100096,Sonoma County Landfill Gas to Energy,2018,"27,043",No,0,0,0,0,"27,043"
104612,Sonoma Developmental Center,2018,"9,562",No,0,0,0,0,"9,562"
100063,Southeast Resource Recovery Facility (SERRF),2018,"327,342",No,"74,128",0,0,"74,128","253,215"
101539,Southern California Edison (SCE) - Barre,2018,"18,188",No,0,0,0,0,"18,188"
101537,Southern California Edison (SCE) - Center,2018,"9,749",No,0,0,0,0,"9,749"
3005,Southern California Edison (SCE) - Electric Power Entity,2018,"1,209,810",No,0,0,"373,500","373,500","836,310"
101538,Southern California Edison (SCE) - Grapeland,2018,"6,844",No,0,0,0,0,"6,844"
104326,Southern California Edison (SCE) - McGrath Peaker,2018,"12,974",No,0,0,0,0,"12,974"
100394,Southern California Edison (SCE) - Mira Loma,2018,"13,185",No,0,0,0,0,"13,185"
100344,Southern California Edison (SCE) - MountainView,2018,"820,892",No,"820,892",0,0,"820,892",0
101673,Southern California Edison (SCE) - Pebbly Beach,2018,"22,425",No,0,0,0,0,"22,425"
101349,Southern California Gas Co - Aliso Canyon Facility,2018,"11,957",No,"5,102",0,0,"5,102","6,855"
101675,Southern California Gas Co - Blythe Facility,2018,"43,494",No,"35,410",0,0,"35,410","8,084"
104082,Southern California Gas Co - Distribution,2018,"1,363,737",No,0,0,0,0,"1,363,737"
100915,Southern California Gas Co - Honor Rancho Facility,2018,"37,057",No,"32,844",0,0,"32,844","4,213"
104365,Southern California Gas Co - Kelso Facility,2018,90,No,0,0,0,0,90
101348,Southern California Gas Co - Newberry Springs Facility,2018,"1,164",No,0,0,0,0,"1,164"
101346,Southern California Gas Co - South Needles Facility,2018,"2,012",No,"1,468",0,0,"1,468",544
104220,Southern California Gas Co - Wheeler Ridge Compressor Station,2018,"20,553",No,0,0,0,0,"20,553"
5002,Southern California Gas Company - End User Emissions,2018,"39,890,211",No,0,"20,661,693",0,"20,661,693","19,228,517"
104212,"Southern Counties Oil Co., A California Limited Partnership",2018,"243,505",No,0,"231,009",0,"231,009","12,496"
5013,Southwest Gas Distribution Facilities,2018,"750,629",No,0,"725,918",0,"725,918","24,711"
101241,"Spreckels Sugar Company, Inc.- Brawley",2018,"75,527",No,"63,758",0,0,"63,758","11,769"
100263,SRI International Cogen Project,2018,"24,990",No,0,0,0,0,"24,990"
104635,Stanford University,2018,"19,664",No,0,0,0,0,"19,664"
101025,Stanislaus Food Products,2018,"56,920",No,"56,920",0,0,"56,920",0
104409,State of California Central Utility Plant - General Services,2018,"11,739",No,0,0,0,0,"11,739"
104370,Steelscape Inc.,2018,"20,748",No,0,0,0,0,"20,748"
104619,Suburban Propane,2018,"3,408",No,0,0,0,0,"3,408"
104797,SunOpta Aseptic,2018,"10,036",No,0,0,0,0,"10,036"
100948,Sunrise Power Company,2018,"1,008,904",No,"1,008,904",0,0,"1,008,904",0
104709,SunSelect Produce (California) Inc,2018,"26,022",No,"26,022",0,0,"26,022",0
104550,"Sunshine Gas Producers, LLC",2018,"98,258",No,0,0,0,0,"98,258"
104794,Superior Gas Liquids USA,2018,"44,396",No,0,"44,396",0,"44,396",0
104579,Surprise Valley Electrification Corp.,2018,0,No,0,0,0,0,0
100886,Sycamore Cogeneration Facility,2018,"909,459",No,"909,459",0,0,"909,459",0
101684,Sycamore Energy LLC,2018,"21,607",No,0,0,0,0,"21,607"
104567,Tacoma Power - ACS,2018,0,No,0,0,0,0,0
105757,Tacoma Power - Marketer,2018,948,No,0,0,948,948,0
101073,TAMCO,2018,"75,778",No,"75,778",0,0,"75,778",0
104790,Teichert Materials,2018,"10,194",No,0,0,0,0,"10,194"
104194,Tenaska Power Services Co.,2018,"74,618",No,0,0,"74,618","74,618",0
2427,"Terra-Gen Dixie Valley, LLC",2018,"35,050",No,0,0,0,0,"35,050"
104516,"Tesla, Inc.",2018,"23,770",No,"23,770",0,0,"23,770",0
5012,Tesoro Refining and Marketing - Fuel Supplier,2018,"46,154,867",No,0,"43,347,750",0,"43,347,750","2,807,118"
101331,Tesoro Refining and Marketing Co. - Martinez,2018,"2,220,528",No,"2,220,124",0,0,"2,220,124",404
2278,"The Energy Authority, Inc.",2018,"6,393",No,0,0,"2,135","2,135","4,259"
101582,The P&G Paper Products Co.,2018,"315,435",No,"315,435",0,0,"315,435",0
104518,The Regents of the University of California - EPE,2018,0,No,0,0,0,0,0
104327,The Soco Group Inc.,2018,"311,639",No,0,"297,014",0,"297,014","14,625"
104647,The Sun Valley Group,2018,"14,463",No,0,0,0,0,"14,463"
5047,"Tiger Natural Gas, Inc. - EPE",2018,0,No,0,0,0,0,0
104620,Timber Products Company Yreka Veneer,2018,"16,768",No,0,0,0,0,"16,768"
101502,Tomatek / Neil Jones Food Companies,2018,"29,138",No,"29,138",0,0,"29,138",0
100217,Torrance Refinery,2018,"3,049,473",No,"3,048,901",0,0,"3,048,901",572
104476,Torrance Refining Company LLC  - Fuel Supplier,2018,"10,565,995",No,0,"9,877,815",0,"9,877,815","688,179"
100358,Tracy Combined Cycle Plant,2018,"390,233",No,"390,233",0,0,"390,233",0
2312,"TransAlta Energy Marketing (US), Inc.",2018,"182,004",No,0,0,"160,775","160,775","21,229"
104230,TransCanada Energy Sales Ltd.,2018,"135,571",No,0,0,"135,571","135,571",0
104760,Transwestern - Topock,2018,0,No,0,0,0,0,0
101460,"TRC Cypress Group, LLC",2018,"34,371",No,"34,083",0,0,"34,083",287
104005,"Tricor Refining, LLC",2018,"46,115",No,"41,596",0,0,"41,596","4,519"
3063,Truckee Donner Public Utility District,2018,"64,996",No,0,0,"32,422","32,422","32,573"
100952,"TST, Inc.",2018,"19,341",No,"19,341",0,0,"19,341",0
3064,Turlock Irrigation District (TID),2018,"441,647",No,0,0,"349,930","349,930","91,717"
100111,"Turlock Irrigation District (TID), Almond Power Plant",2018,"95,280",No,"95,280",0,0,"95,280",0
100371,Turlock Irrigation District/ Walnut Energy Center,2018,"554,757",No,"554,757",0,0,"554,757",0
104714,Tuscarora Gas Transmission - Shoetree Compressor Station,2018,"9,353",No,0,0,0,0,"9,353"
5010,Tuscarora Gas Transmission Pipeline,2018,0,No,0,0,0,0,0
104515,"Twin Eagle Resource Management, LLC",2018,"2,905",No,0,0,"2,905","2,905",0
100300,"U.S. Borax, 93516",2018,"338,823",No,"338,823",0,0,"338,823",0
101271,U.S. Gypsum Co Plaster City Plant,2018,"73,164",No,"73,164",0,0,"73,164",0
104068,UC Davis Medical Center,2018,"61,877",No,"61,873",0,0,"61,873",4
101205,Ultramar Inc - Valero Wilmington,2018,"1,070,130",No,"1,069,699",0,0,"1,069,699",431
104062,Union Pacific Railroad Company,2018,"685,109",No,0,"685,109",0,"685,109",0
101124,"United Airlines, Inc. - San Francisco Maintenance Center",2018,"25,312",No,0,0,0,0,"25,312"
104545,United Pacific Energy,2018,"22,893",No,0,"22,893",0,"22,893",0
101469,United States Pipe & Foundry Co. LLC,2018,"43,300",No,"43,300",0,0,"43,300",0
104514,"University of California, Berkeley",2018,"123,901",No,"123,900",0,0,"123,900",1
100305,"University of California, Davis",2018,"56,228",No,"55,873",0,0,"55,873",355
101296,"University of California, Irvine",2018,"68,927",No,"68,924",0,0,"68,924",4
100997,"University of California, Los Angeles, UCLA",2018,"223,914",No,"223,914",0,0,"223,914",0
104173,"University of California, Riverside, UCR",2018,"22,900",No,0,0,0,0,"22,900"
101305,"University of California, San Diego, UCSD",2018,"151,299",No,"151,299",0,0,"151,299",0
101416,"University of California, San Francisco",2018,"55,002",No,"54,960",0,0,"54,960",42
104372,"University of California, Santa Barbara",2018,"18,116",No,"18,110",0,0,"18,110",6
100273,"University of California, Santa Cruz, UCSC EH&S Office",2018,"27,117",No,"27,112",0,0,"27,112",5
104361,University of Southern California (USC) - University Park Campus (UPC),2018,"19,958",No,0,0,0,0,"19,958"
101068,USS-POSCO Industries,2018,"33,040",No,"33,039",0,0,"33,039",1
104617,VA Greater Los Angeles Healthcare System,2018,"11,161",No,0,0,0,0,"11,161"
104661,VA San Diego Healthcare System,2018,"15,427",No,0,0,0,0,"15,427"
104071,Valero Marketing and Supply Company - Fuel Supplier,2018,"20,029,018",No,0,"18,650,608",0,"18,650,608","1,378,410"
100372,"Valero Refining Company - California, Benicia Refinery and Benicia Asphalt Plant",2018,"2,855,401",No,"2,854,509",0,0,"2,854,509",892
104444,Valero Wilmington Asphalt Plant,2018,"14,151",No,0,0,0,0,"14,151"
104750,Valley Clean Energy Alliance,2018,0,No,0,0,0,0,0
104510,Valley Electric Association,2018,"7,542",No,0,0,"7,542","7,542",0
104205,Vandenberg Air Force Base,2018,"18,173",No,0,0,0,0,"18,173"
104783,Vaquero Energy - Santa Barbara County,2018,"22,154",No,0,0,0,0,"22,154"
104643,Ventura Coastal,2018,"6,760",No,0,0,0,0,"6,760"
3066,"Vernon Public Utilities, Electric Power Entity",2018,0,No,0,0,0,0,0
5008,"Vernon Public Utilities, Gas Municipal Utility",2018,"405,422",No,0,"144,929",0,"144,929","260,494"
3067,Victorville Municipal Utility Services - EPE,2018,0,No,0,0,0,0,0
104571,Victorville Municipal Utility Services - Gas Utility,2018,"11,668",No,0,0,0,0,"11,668"
100953,Vista Metals Corp.,2018,"34,427",No,"34,427",0,0,"34,427",0
5014,Vitol - Fuel Supplier,2018,"137,115",No,0,"2,928",0,"2,928","134,187"
104467,Vitol Inc. - EPE,2018,"20,180",No,0,0,"20,180","20,180",0
101513,Vitro Flat Glass LLC,2018,"91,917",No,"91,917",0,0,"91,917",1
100058,Wadham Energy Ltd Partnership,2018,"189,018",No,0,0,0,0,"189,018"
104218,"Walnut Creek Energy, LLC",2018,"207,040",No,"207,040",0,0,"207,040",0
104745,WAPA - Colorado River Storage Project  ,2018,0,No,0,0,0,0,0
3078,WAPA - Desert Southwest Region,2018,0,No,0,0,0,0,0
3079,WAPA - Sierra Nevada Region,2018,"314,954",No,0,0,"314,954","314,954",0
100060,Waste Management - Altamont Landfill,2018,"38,555",No,0,0,0,0,"38,555"
104746,"Waste Management - Redwood Landfill, Inc.",2018,"16,682",No,0,0,0,0,"16,682"
104363,Weber Metals,2018,"19,030",No,0,0,0,0,"19,030"
5007,West Coast Gas Company Inc,2018,"10,258",No,0,0,0,0,"10,258"
104638,"Western Milling, Goshen CA",2018,"8,299",No,0,0,0,0,"8,299"
100282,Wheelabrator Shasta Energy Company,2018,"495,112",No,0,0,0,0,"495,112"
104392,Wild Goose Storage LLC,2018,"28,810",No,"27,205",0,0,"27,205","1,605"
101343,"Wildflower Energy, LP - Indigo Generation, LLC",2018,"19,320",No,"19,320",0,0,"19,320",0
100353,"Wildflower Energy, LP - Larkspur Energy Facility, LLC",2018,"25,000",No,"25,000",0,0,"25,000",0
104359,Windset Farms,2018,"37,646",No,"37,646",0,0,"37,646",0
101693,"Wm. Bolthouse Farms, Inc.",2018,"26,544",No,"26,544",0,0,"26,544",0
101493,"Woodland Biomass Power, Ltd",2018,"295,006",No,0,0,0,0,"295,006"
104679,WP&A Firebaugh,2018,"14,060",No,0,0,0,0,"14,060"
104678,WP&A King,2018,"9,505",No,0,0,0,0,"9,505"
101736,WP&A Lost Hills,2018,"49,719",No,"49,719",0,0,"49,719",0
104618,WWF Operating Company,2018,"17,049",No,0,0,0,0,"17,049"
100322,Yuba City Cogeneration Partners LP,2018,"5,555",No,0,0,0,0,"5,555"